<?xml version="1.0" encoding="UTF-8"?>
<project-private xmlns="http://www.netbeans.org/ns/project-private/1">
    <editor-bookmarks xmlns="http://www.netbeans.org/ns/editor-bookmarks/2" lastBookmarkId="0"/>
    <open-files xmlns="http://www.netbeans.org/ns/projectui-open-files/2">
        <group>
            <file>file:/C:/Users/Usuario/Documents/Perucello%20SSD/00%20Artigos%20FP/Artigo%2030%20-%20JSP%20Metodo%20Update/EducaJSP/web/vistas/edit.jsp</file>
            <file>file:/C:/Users/Usuario/Documents/Perucello%20SSD/00%20Artigos%20FP/Artigo%2030%20-%20JSP%20Metodo%20Update/EducaJSP/web/vistas/listar.jsp</file>
        </group>
    </open-files>
</project-private>
